Marry Me,2013-09-10
Reminding Me,2017-06-09
The Way I Are (Dance With Somebody),2017-07-06
Resuscitate Me,2011-07-05
One Step At A Time,2007-11-20
Fetish,2017-07-13
Hate This Part,2008-01-01
Left Ey3,2012-09-14
Words,2016-10-07
Da Zhang Fu,9999-99-99
Made In The USA,2013-01-01
Out Run The Sun,9999-99-99
Cool,2018-02-09
Sledgehammer,2015-01-30
Forever And A Day,2010-11-04
Double Tap,2015-03-03
Heart Vacancy,2010-01-01
All I See,2007-11-21
5432,9999-99-99
Vacation,9999-99-99
The Boys,2012-01-01
Something Really Bad,2013-01-01
Louder,2010-09-21
Turn It Up,2009-01-01
What If The Heart Is Wong,9999-99-99
Why,2017-07-07
Obsessed,2017-11-17
Gravity,2009-01-01
Crash 'N' Burn,9999-99-99
Enemiez,2016-03-04
Like A Drug,2007-11-21
Helluva Nite,2010-10-29
I Don't Really Care,2014-12-15
Taste Ya,9999-99-99
My Universe,9999-99-99
Rippin' Up The Disco,9999-99-99
Black Box,2010-01-01
Love Me Love Me,2013-02-06
Hit & Run,9999-99-99
Chingalinga,2015-04-06
Relax,1994-01-01
Poppin',2006-11-07
Go Hard (La.La.La.),2012-09-14
ICYMI,2016-10-07
Even Heaven Cries,2006-12-08
Burn,2008-11-17
All I See Is Here,9999-99-99
Good Ol' Fashioned Love,2010-11-01
Remember My Name,2012-07-03
Epic,9999-99-99
We Said Too Much,9999-99-99
Dare,2014-04-08
Don't Say Goodnight,9999-99-99
Wild Hearts Run,9999-99-99
Glow,2015-01-14
Red Lights Off,9999-99-99
Trampoline,2014-12-15
Worldshaker,2021-11-29
Boyz In The Hood,2015-08-14
Free Love,9999-99-99
Blasé Blasé,2012-09-14
Twerkin,2014-02-25
Let's Dance,2006-01-01
Summertime,2012-09-14
My Love,2009-01-01
Lose You,9999-99-99
Ghost Of You,2010-01-01
We Are,2016-10-07
Worse Things Than Love,2015-09-18
Testify,2017-01-27
I'm Your Guy,9999-99-99
Where Was Love,9999-99-99
Breakfast (Syrup),2012-09-14
Hard Knock Life,9999-99-99
La Actriz,2015-11-18
Ch00k Ch00k tare,2012-09-14
Sanctuary,2015-12-04
